Title,Sub-Title,Price
Jordan Max Aura 5,Men's Shoes,895.00
Air Jordan XXXVIII PF,Basketball Shoes,395.00
Jordan Stay Loyal 2,Men's Shoes,295.00
Jordan Dri-FIT ADV Sport,Men's Short-Sleeve Top,895.00
Jordan Sport Jam,Men's Warm-Up Jacket,995.00
Jordan Dri-FIT Sport,Men's Air Fleece Full-Zip Hoodie,495.00
Jordan Dri-FIT Sport,Men's Air Fleece Trousers,695.00
Jordan Flight MVP,Men's T-Shirt,995.00
Jordan Essentials,Men's Chicago Trousers,995.00
Jordan Flight MVP,Men's Graphic Fleece Crew-Neck Sweatshirt,895.00
Jordan Dri-FIT Sport,Men's Fleece Sweatshirt,495.00
Jordan Essentials,Men's Loopback Fleece Shorts,695.00
Jordan Dri-FIT Sport,Men's Diamond Shorts,995.00
Jordan Stadium 90,Men's Shoes,795.00
Air Jordan 1 Retro High OG,Men's Shoes,995.00
Air Jordan 1 'Next Chapter',Men's Shoes,395.00
Air Jordan 1 Low,Men's Shoes,995.00
Air Jordan 1 Mid,Men's Shoes,495.00
Jordan Nu Retro 1 Low,Men's Shoes,195.00
Jordan Series ES,Men's Shoes,495.00
Jumpman MVP,Men's Shoes,295.00
Jordan Stay Loyal 3,Men's shoes,295.00
Air Jordan 1 Mid,Shoes,495.00
Air Jordan 1 Low OG,Shoes,795.00
